sd_s38,sd_s1000,sd_theta,sd_gamma,sd_beta,fd_totalEnergy,E_CIC,E_ML,err_CIC,err_ML
26.7,16.7,54.64,0.06,-1.8,5.724,5.073428968519161,4.981701502688196,-0.11365671409518509,-0.12968177800695388
10.88,11.96,25.58,0.03,-2.27,2.423,2.0583227425382193,2.1334058057908885,-0.15050650328591858,-0.11951885852625323
6.4,5.92,42.12,0.03,-2.0,1.323,1.2076417435200806,1.193038763774376,-0.08719444934234269,-0.09823222692790926
8.35,9.1,30.08,0.03,-2.21,1.457,1.577644740630035,1.5763092756499584,0.08280352822926206,0.08188694279338249
3.91,4.13,36.35,0.01,-2.08,0.966,0.7360187054521706,0.7752771836729251,-0.23807587427311527,-0.1974356276677794
21.79,23.73,29.89,0.01,-2.26,5.319,4.136339405129958,4.093354368346513,-0.22234641753525897,-0.230427830730116
14.27,9.6,53.93,0.09,-1.77,2.523,2.703238305896929,2.585976486737131,0.07143809191317035,0.02496095391879943
5.95,6.09,36.55,0.01,-2.1,1.275,1.1223293993899215,1.1420693216642372,-0.11974164753731642,-0.10425935555746092
19.38,21.22,33.67,0.0,-2.22,3.483,3.6767482435907537,3.9053287646612675,0.05562682847853965,0.12125431084159272
13.49,14.07,36.56,0.0,-2.15,2.93,2.5547769165022256,2.6265534723888377,-0.12806248583541793,-0.10356536778537966
9.42,8.46,45.04,0.07,-1.97,1.622,1.7808592594434152,1.8756936506409656,0.09794035724008326,0.15640792271329562
4.33,4.39,37.0,0.01,-2.07,0.84,0.815486139084236,0.8276675698021498,-0.029183167756861927,-0.014681464521250156
18.7,13.07,53.14,0.09,-1.82,3.441,3.547120187325675,3.5358410411660115,0.030839926569507466,0.027562057880270757
12.34,10.64,45.38,0.07,-1.98,3.285,2.335968830232814,2.260949552468705,-0.288898377402492,-0.3117352960521446
8.94,9.39,29.87,0.03,-2.21,1.142,1.6896828327633804,1.661806962602697,0.4795821652919269,0.4551724716310833
5.4,5.01,42.01,0.03,-1.99,0.835,1.0181018701165998,1.0249154035544177,0.21928367678634714,0.22744359707115896
6.18,6.83,33.71,0.02,-2.14,1.011,1.1659296898011011,1.2334850762063914,0.1532440057379834,0.22006436815666813
6.07,6.71,33.48,0.02,-2.15,1.097,1.1450763688733587,1.22005872687114,0.04382531346705447,0.112177508542516
9.6,10.05,34.65,0.01,-2.16,1.478,1.815056338777507,1.8698161925238703,0.22804894369249457,0.2650989123977472
17.85,18.3,33.73,0.0,-2.21,4.2,3.3851176223883144,3.3115314697437106,-0.19401961371706805,-0.2115401262514975
6.08,5.26,44.81,0.07,-1.94,1.322,1.1469720494907125,1.1050468655115606,-0.13239633170142778,-0.1641097840305896
14.22,9.18,55.07,0.06,-1.73,2.519,2.6937203365541813,2.6334338186245523,0.06936099108939307,0.04542827257822634
10.14,11.31,28.17,0.03,-2.24,2.0,1.917666156123956,2.004049249827399,-0.04116692193802196,0.00202462491369948
28.58,16.32,57.02,0.02,-1.73,7.052,5.432465695890187,5.3429062898701165,-0.22965602724189063,-0.24235588629181554
6.59,7.32,27.55,0.04,-2.22,1.364,1.2436714403843883,1.2502164543052139,-0.0882174190730292,-0.08341902177037112
7.63,6.79,44.12,0.05,-1.97,1.001,1.4409730314125284,1.4455657818363499,0.43953349791461394,0.4441216601761739
7.98,7.91,33.67,0.01,-2.15,1.623,1.5074031429923946,1.4510621814934879,-0.07122418792828426,-0.10593827387955153
5.02,4.71,40.67,0.02,-2.01,1.232,0.946120149024846,0.9371690591368461,-0.2320453335837289,-0.23931082862268982
12.75,13.92,26.79,0.03,-2.26,2.55,2.413967695302926,2.423457581194967,-0.05334600184198979,-0.049624477962758054
6.09,5.49,44.06,0.06,-1.96,0.886,1.1488677453484144,1.1524384717638478,0.2966904575038537,0.30072062275829325
6.82,7.28,28.3,0.04,-2.21,1.949,1.287293118159213,1.2273952431477837,-0.3395109706725433,-0.37024358997035217
3.88,3.53,42.61,0.04,-1.95,0.677,0.7303440062586741,0.7478766044254566,0.07879469166716999,0.10469217788102882
4.62,4.0,44.51,0.06,-1.93,0.638,0.8703787514919015,0.833750865277002,0.36423001801238475,0.3068195380517273
9.83,10.68,25.61,0.03,-2.26,2.218,1.8587571604849045,1.8602151256668444,-0.16196701511050293,-0.1613096818454263
3.53,3.23,44.0,0.06,-1.92,0.774,0.6641554831891842,0.717163565422941,-0.14191798037573108,-0.0734320860168721
10.09,7.2,52.44,0.11,-1.78,1.249,1.908164102621096,1.8794390326534935,0.5277534848847846,0.5047550301469123
12.95,10.99,45.84,0.08,-1.97,2.79,2.4520203963370095,2.4483763543440578,-0.12113964288996075,-0.1224457511311621
4.54,4.87,30.17,0.04,-2.17,0.852,0.8552342331342975,0.8436150915724132,0.003796048279691893,-0.009841441816416394
10.89,9.99,44.66,0.06,-1.99,1.89,2.0602238348844275,2.0893395621477673,0.09006552110287175,0.10547066780305153
15.68,13.45,45.73,0.07,-1.99,2.77,2.9717101347086263,3.0618122458047075,0.07281954321611057,0.1053473811569341
6.85,7.62,25.7,0.04,-2.24,0.712,1.292983437643084,1.3133674721036965,0.8159879742178147,0.8446172361006975
4.66,4.32,43.26,0.05,-1.95,0.674,0.8779514927808855,0.8960125119165199,0.3025986539775748,0.3293954182737683
3.73,3.81,20.8,0.07,-2.24,0.938,0.7019737609461145,0.677644027271771,-0.2516271205265303,-0.2775650029085597
7.09,7.75,27.88,0.04,-2.22,1.393,1.3385103350621692,1.3649613042349389,-0.039116773106841925,-0.020128281238378412
9.21,8.82,38.25,0.0,-2.09,2.507,1.7409667081831792,1.6559293168528246,-0.3055577550126928,-0.3394777355991924
7.23,7.2,40.27,0.01,-2.05,1.136,1.3650711877174557,1.4400206354668716,0.20164717228649282,0.26762379882647164
13.85,15.02,29.11,0.02,-2.25,2.272,2.623292486088312,2.679571677103277,0.1546181716937994,0.1793889423870059
4.69,4.89,33.46,0.02,-2.13,0.891,0.8836312574129747,0.9109434972828501,-0.008270193700365159,0.022383274167059545
10.28,11.15,23.2,0.04,-2.28,2.11,1.9442731207962223,1.8668754447154245,-0.0785435446463401,-0.11522490771780822
8.02,6.08,49.7,0.13,-1.84,1.238,1.5149960746135036,1.503375598569248,0.22374480986551182,0.21435831871506308
5.57,6.14,31.24,0.03,-2.17,0.663,1.0503123450001164,1.0975981982844119,0.5841815158372795,0.6555025615149499
4.58,4.66,36.53,0.01,-2.08,0.838,0.862806330681283,0.86707952366657,0.02960182658864322,0.03470110222741059
35.5,35.89,37.65,-0.01,-2.2,7.391,6.754969701470022,6.937677307472749,-0.0860547014652927,-0.061334419229772785
11.69,7.1,56.78,0.03,-1.65,1.911,2.212338227958265,2.0982303863619167,0.15768614754487967,0.09797508443847026
8.71,9.72,30.09,0.02,-2.21,1.272,1.646002531437825,1.7124852464580385,0.29402714735678065,0.3462934327500302
7.56,6.1,46.41,0.1,-1.91,1.353,1.4276887750503704,1.3916824142697573,0.05520234667433142,0.02859010662953235
5.98,6.54,27.03,0.04,-2.22,1.199,1.1280159332826785,1.142075431286417,-0.0592027245348804,-0.047476704515081805
21.71,23.38,28.74,0.01,-2.28,2.999,4.1210791187687414,4.066014268465824,0.3741510899528981,0.35579001949510625
5.55,5.79,36.89,0.01,-2.09,0.891,1.046522625070379,1.0873974500641241,0.1745484007523894,0.22042362521226053
8.44,5.08,57.19,0.02,-1.61,1.489,1.5947328615435221,1.6420908542873325,0.0710093092971941,0.10281454283904122
8.12,7.71,40.43,0.01,-2.05,1.816,1.5339792115320494,1.5176480426243464,-0.15529779100658075,-0.16429072542712206
4.88,4.9,36.21,0.01,-2.09,0.72,0.9196071783823165,0.8955514036357556,0.27723219219766193,0.24382139393854946
7.84,6.31,47.01,0.1,-1.9,2.133,1.4808293534869343,1.4286359111383395,-0.30575276442244054,-0.330222263882635
11.84,12.6,32.2,0.01,-2.2,2.343,2.240865450773675,2.2465888256044377,-0.043591356904107904,-0.04114860196140087
6.55,7.2,27.56,0.04,-2.22,1.058,1.236085814092174,1.231433951649416,0.16832307570148766,0.16392623029245357
5.61,6.0,24.92,0.05,-2.23,0.995,1.0578919841670475,1.0335036172379013,0.06320802428849001,0.0386971027516596
7.2,5.09,52.89,0.11,-1.74,1.126,1.359379363119938,1.3523479663900295,0.20726408802836424,0.20101950833928034
18.62,13.86,50.46,0.11,-1.89,3.756,3.5318713265958253,3.384253736175317,-0.05967217076788459,-0.09897397865406894
8.17,8.67,35.53,0.01,-2.14,1.912,1.5434712094111136,1.633572142498609,-0.19274518336238824,-0.1456212643835727
12.44,11.51,41.68,0.02,-2.06,2.178,2.354991791471482,2.2748163649996473,0.08126344879315071,0.04445195821838724
6.87,7.36,25.13,0.04,-2.24,1.381,1.2967770516740047,1.2559788436916586,-0.06098692854887423,-0.09052943975984173
23.37,24.48,30.51,0.01,-2.26,5.694,4.437784939844022,4.437744415137162,-0.22062083950754796,-0.22062795659691564
7.55,5.94,49.26,0.13,-1.85,1.645,1.4257910730922616,1.4182754456956492,-0.13325770632689266,-0.13782647678076035
25.2,26.37,34.01,0.0,-2.23,5.037,4.787051751022407,4.940921857664,-0.04962244371204944,-0.01907447733492162
5.19,5.77,23.79,0.05,-2.24,1.21,0.9783193209112891,0.9907003285309891,-0.19147163561050481,-0.18123939790827345
5.93,6.7,25.96,0.04,-2.23,0.846,1.1185384546099917,1.1756063074100578,0.32214947353426915,0.3896055643144892
6.94,7.9,23.83,0.05,-2.26,1.205,1.3100551248815828,1.3803722597273613,0.08718267625027613,0.14553714500195955
13.26,7.92,57.53,0.01,-1.64,2.634,2.5110077445713697,2.5521405715976995,-0.046694098492266606,-0.031077991041116335
5.41,5.56,33.66,0.02,-2.13,1.049,1.0199964682303728,1.0150396555150447,-0.02764874334568838,-0.03237401762150164
13.46,12.79,40.27,0.01,-2.09,2.893,2.5490676858715013,2.5519048346782967,-0.11888431183148927,-0.11790361746343006
18.04,20.51,25.03,0.02,-2.3,3.094,3.4213267501443707,3.5863015845772575,0.105794036892169,0.15911492714197079
5.69,6.06,32.38,0.02,-2.15,2.104,1.0730520531584282,1.0824487376278251,-0.48999427131253415,-0.4855281665266991
4.78,4.5,41.91,0.03,-1.99,0.659,0.9006716123736238,0.8902496545650165,0.3667247532224943,0.35090994622916
26.28,17.08,54.23,0.07,-1.81,6.216,4.9932352245510545,4.95322264501997,-0.1967124799628291,-0.20314951013192245
4.25,4.63,24.8,0.06,-2.22,0.836,0.8003464623201269,0.8018148711324264,-0.04264777234434583,-0.040891302473174074
4.6,4.88,25.8,0.05,-2.21,0.878,0.8665925008538499,0.8231667905467602,-0.012992595838439789,-0.06245240256633232
6.3,4.75,50.11,0.13,-1.8,1.484,1.1886808354854375,1.1373057785881242,-0.19900213242221196,-0.2336214429999163
5.23,5.28,37.04,0.01,-2.08,0.932,0.9858963522660986,0.997135387744713,0.057828704148174426,0.06988775509089372
18.41,9.66,59.69,-0.05,-1.59,2.834,3.4918445943713152,3.432562668050078,0.23212582723052758,0.2112077163197169
6.23,6.45,33.2,0.02,-2.15,1.255,1.1754090737936378,1.1457621223791155,-0.06341906470626463,-0.08704213356245773
22.24,11.78,58.61,-0.02,-1.65,5.232,4.2221835902809985,4.187874320812058,-0.19300772357014556,-0.1995653056551878
5.04,5.02,35.8,0.01,-2.09,0.921,0.9499080136912628,0.8935677505980982,0.03138763701548613,-0.02978528708132661
18.44,16.0,44.72,0.06,-2.02,3.538,3.497562562927838,3.4218949025494454,-0.011429462145890858,-0.0328165905739272
7.72,7.37,42.4,0.03,-2.01,1.009,1.458053664211173,1.5197354702005148,0.4450482301399139,0.5061798515366848
3.88,3.51,43.94,0.06,-1.93,0.879,0.7303440062586741,0.7186413901633341,-0.16911944680469382,-0.18243300322715125
24.19,15.16,54.77,0.06,-1.78,6.915,4.594271076191848,4.610780654253722,-0.3356079427054449,-0.33322044045499316
5.22,5.39,35.48,0.01,-2.11,0.769,0.9840020677865063,1.0128451999645944,0.2795865640916857,0.31709388812040884
28.1,17.59,54.48,0.07,-1.81,6.896,5.340785456338169,5.088716246738027,-0.22552415076302648,-0.2620771103918174
91.98,101.52,28.7,0.09,-2.36,21.107,17.58366801309528,21.939282121891242,-0.16692717993578995,0.0394315687635023
36.54,38.07,34.72,-0.01,-2.24,7.94,6.953843170134131,7.515636109588816,-0.1242011120737871,-0.05344633380493506
3.62,3.31,44.5,0.07,-1.91,0.708,0.6811724464866401,0.7289545133096738,-0.037892024736383985,0.029596770211403667
8.59,7.03,49.31,0.12,-1.86,1.287,1.6232150378355443,1.7071904382181482,0.2612393456375637,0.3264882969837982
12.41,12.8,35.09,0.0,-2.17,3.001,2.3492848243416,2.4025182220722496,-0.2171660032183939,-0.19942745015919702
21.96,20.07,43.83,0.04,-2.06,4.575,4.168768421713768,4.2183533516829,-0.08879378760354803,-0.07795555154472131
4.33,4.64,34.85,0.02,-2.11,0.769,0.815486139084236,0.8493386878616899,0.06045011584425999,0.10447163571091007
10.79,10.6,37.5,0.0,-2.12,2.011,2.041213296705138,2.059850140524199,0.015024016263121859,0.024291467192540418
12.4,12.57,38.42,0.0,-2.12,1.874,2.3473825169424685,2.4034719492930905,0.25260539858189346,0.28253572534316457
8.22,8.65,32.92,0.02,-2.17,1.526,1.552963491242967,1.576025892925204,0.017669391378091114,0.032782367578770635
20.47,17.51,45.4,0.07,-2.02,3.91,3.884580470013203,3.711630792568157,-0.006501158564398203,-0.05073381264241516
19.85,12.05,56.19,0.04,-1.72,3.821,3.766357149669041,3.7964949979487432,-0.014300667451180131,-0.006413243143485198
4.32,3.74,45.12,0.08,-1.9,0.921,0.8135936041930639,0.8005094610394866,-0.11661932226594583,-0.13082577520142608
11.87,11.62,38.59,0.0,-2.11,1.609,2.246571108048995,2.24238023983678,0.3962530192970758,0.3936483777730143
9.79,10.69,29.35,0.02,-2.22,1.791,1.8511566552238707,1.8594044557180465,0.033588305540966396,0.03819344261197462
4.0,4.24,33.91,0.02,-2.11,0.842,0.7530440735811633,0.7706085019703921,-0.10564836866845208,-0.08478800241046065
6.62,5.29,49.46,0.13,-1.83,1.317,1.2493608078761267,1.2428164402405735,-0.05135853616087568,-0.05632768394793203
4.16,4.4,31.83,0.03,-2.14,0.956,0.7833159923577964,0.7841323023331863,-0.18063180715711674,-0.1797779264297214
5.34,5.52,34.0,0.02,-2.13,0.969,1.0067346426870056,1.0331574047646628,0.038941839718272094,0.06620991203783572
15.22,16.24,24.01,0.03,-2.3,2.979,2.884110068900034,2.8320856059133246,-0.03185294766699102,-0.04931668146581923
8.45,8.9,33.94,0.01,-2.16,1.763,1.5966315968010243,1.6291376151200883,-0.09436664957400773,-0.07592874922286537
4.43,3.99,42.96,0.04,-1.96,0.814,0.8344126550272633,0.8287014648859166,0.025076971777964748,0.018060767673116235
5.98,6.72,17.16,0.06,-2.3,1.219,1.1280159332826785,1.2030456168458057,-0.07463828278697425,-0.013088091184736993
31.9,17.88,56.82,0.02,-1.74,7.243,6.066787006928678,5.548846580809266,-0.16239306821363006,-0.23390217025966237
5.32,5.95,24.95,0.05,-2.23,0.969,1.0029457052650381,1.0279537705486872,0.03503168758001873,0.06083980448780931
8.95,9.99,24.53,0.04,-2.27,1.726,1.6915821019418924,1.7948040436595292,-0.019940844761360127,0.039863292966123516
6.0,6.46,31.97,0.02,-2.16,0.988,1.1318070333907753,1.1561210323052027,0.1455536775210276,0.17016298816316064
5.1,4.59,43.92,0.05,-1.95,0.83,0.9612720473776982,0.9656582379600303,0.1581590932261425,0.1634436601928076
4.06,4.21,34.75,0.02,-2.1,0.738,0.7643953619649134,0.7813170711789171,0.035766073123188934,0.05869521839961673
6.15,6.05,37.46,0.01,-2.08,1.357,1.1602422391530496,1.1449529052500864,-0.14499466532568195,-0.15626167630796872
11.35,12.43,21.57,0.04,-2.3,2.11,2.147683183272871,2.1930887701169977,0.01785932856534171,0.03937856403649184
5.54,4.85,43.93,0.06,-1.95,1.156,1.0446277901230154,1.0059266822340371,-0.09634274210811808,-0.12982120914010623
10.3,10.41,35.21,0.01,-2.15,1.473,1.948074260903783,1.9124219999372125,0.32252156205280585,0.2983177188983112
6.24,6.26,25.11,0.05,-2.23,0.956,1.1773049953130992,1.0704266053014573,0.2314905808714427,0.11969310177976708
8.94,9.02,37.95,0.0,-2.1,1.515,1.6896828327633804,1.7094897357604144,0.11530219984381551,0.1283760632081944
8.8,8.82,33.96,0.01,-2.16,1.855,1.6630941599215603,1.6079499438407125,-0.10345328306115348,-0.13318062326646224
9.66,10.12,37.11,0.0,-2.12,1.761,1.8264560646548984,1.9540728497991757,0.03716982660698382,0.10963818841520491
3.86,3.79,37.89,0.01,-2.04,0.657,0.7265609925090448,0.7182836265107699,0.10587670092700882,0.09327797033602725
14.29,11.77,48.74,0.11,-1.91,2.764,2.7070455393099015,2.8802700538985597,-0.020605810669355372,0.04206586609933428
16.23,16.26,38.71,0.0,-2.13,2.533,3.076465805188176,3.201314392246322,0.2145542065488259,0.26384302891682676
10.2,10.85,30.49,0.02,-2.21,1.942,1.929068922545248,1.9392921307286333,-0.006658639266092673,-0.0013943714064709994
11.29,11.42,36.73,0.0,-2.13,1.57,2.1362744442585564,2.189141140885625,0.3606843594003543,0.39435741457683127
12.21,13.0,29.35,0.02,-2.24,3.028,2.3112401080369698,2.4072436560511146,-0.2367106644527841,-0.20500539760531225
12.86,11.42,45.14,0.07,-1.99,1.724,2.434896322708261,2.4756970007168957,0.41235285539922345,0.4360191419471553
7.6,4.58,56.8,0.03,-1.61,1.541,1.4352797054201805,1.4646093870291605,-0.06860499323803988,-0.04957210445868876
5.08,5.53,28.67,0.04,-2.19,0.862,0.9574839631555477,0.9719355143136564,0.11077025888114587,0.12753539943579634
16.38,14.75,43.63,0.04,-2.04,2.949,3.105038570371257,3.111019524637402,0.05291236702992778,0.05494049665561286
19.33,20.76,34.9,0.0,-2.2,4.266,3.6672160019015307,3.8229991704288415,-0.14036193110606407,-0.10384454514091854
5.99,6.18,37.58,0.01,-2.08,1.23,1.1299114756026232,1.1384180380385063,-0.08137278406290797,-0.07445687964349082
7.7,4.3,58.58,-0.02,-1.54,0.796,1.4542578835162812,1.319341967518402,0.8269571400958305,0.6574647833145753
6.99,8.12,23.05,0.05,-2.27,1.229,1.3195398640877005,1.411695839503533,0.0736695395343372,0.14865405980759394
9.66,6.1,55.83,0.05,-1.67,2.487,1.8264560646548984,1.782666864450301,-0.2655986873120634,-0.28320592503003583
17.13,18.47,29.4,0.01,-2.25,2.72,3.2479213536335947,3.2264964057194945,0.19408873295352738,0.1862119138674611
5.51,6.01,23.79,0.05,-2.24,0.888,1.0389433857109809,1.035926208072366,0.16998129021506855,0.16658356764906068
16.7,17.82,29.66,0.01,-2.25,2.717,3.1659980629506093,3.141339301622671,0.16525508389790547,0.1561793528239496
7.4,6.54,43.25,0.04,-1.99,1.809,1.3973270272019536,1.3153994144378323,-0.22756936030848335,-0.27285825625327126
7.43,8.68,23.16,0.04,-2.27,1.195,1.4030196125726901,1.5084903279661337,0.17407498960057746,0.26233500248212016
4.27,3.64,46.32,0.1,-1.88,1.025,0.8041312519332778,0.7900192015713913,-0.21548170543094838,-0.22924955944254502
7.85,8.58,24.58,0.04,-2.26,1.972,1.4827274048732997,1.4985902226582877,-0.2481098352569474,-0.2400658100110103
42.36,24.34,56.01,0.03,-1.8,9.502,8.067259895072583,7.785164119025593,-0.15099348610054908,-0.18068152820189515
4.33,3.98,43.45,0.05,-1.95,1.16,0.815486139084236,0.8440015050214078,-0.29699470768600345,-0.27241249567120013
9.25,6.83,50.59,0.12,-1.82,1.615,1.7485649496590596,1.7012518735324853,0.08270275520684807,0.0534067328374522
12.66,14.52,20.37,0.03,-2.32,1.546,2.3968449289971336,2.481690775673453,0.5503524767122469,0.6052333607202154
6.94,7.54,31.89,0.02,-2.17,1.111,1.3100551248815828,1.3426786396228823,0.17916752914633918,0.2085316288234764
3.64,3.46,39.61,0.01,-2.01,0.772,0.6849542765662963,0.6661067326171692,-0.11275352776386496,-0.13716744479641294
8.89,8.29,39.99,0.01,-2.06,1.709,1.6801866428678742,1.6075146880087685,-0.01685977596964649,-0.05938286248755504
5.17,4.62,42.43,0.03,-1.98,0.783,0.9745309121378677,0.9666741655730031,0.24461163746854106,0.23457747838186857
11.39,10.61,43.1,0.04,-2.02,2.102,2.1552891731574664,2.138509776155677,0.025351652310878454,0.017369065725821687
10.54,11.37,30.56,0.02,-2.21,2.072,1.9936907365558099,2.0195369201717615,-0.03779404606379836,-0.025320019222122882
21.5,22.07,35.22,0.0,-2.2,4.301,4.0810221774423505,4.057194133930753,-0.051145738795082454,-0.05668585586357765
30.31,29.04,37.81,-0.01,-2.18,5.892,5.762958132157423,5.341755485711001,-0.021901199565949984,-0.09338841043601478
13.24,14.9,27.46,0.02,-2.26,2.195,2.5072019040754383,2.5779563819802367,0.1422332137017943,0.17446759999099629
3.82,2.99,49.75,0.14,-1.78,0.954,0.7189952529347431,0.7507140347164065,-0.2463362128566634,-0.21308801392410215
17.98,18.91,32.27,0.01,-2.23,4.249,3.409892086428009,3.35621521423997,-0.19748362286937887,-0.21011644757826073
15.42,16.14,34.38,0.0,-2.19,3.127,2.922195486493822,2.902682513036956,-0.06549552718457877,-0.07173568498978056
7.09,6.42,41.2,0.02,-2.02,2.155,1.3385103350621692,1.29140054223751,-0.3788815150523576,-0.4007422077784175
16.06,16.54,36.01,0.0,-2.17,3.489,3.0440848990332636,3.0237316198808144,-0.1275193754562156,-0.13335293210638735
257.7,158.81,54.12,0.06,-2.02,55.66,49.51279962445932,30.771876778235757,-0.11044197584514333,-0.44714558429328494
9.39,7.32,47.83,0.11,-1.9,1.907,1.7751600551153257,1.6996407908989237,-0.06913473774760058,-0.10873582018934258
8.57,6.32,50.66,0.13,-1.82,1.428,1.6194172729300544,1.57505576964134,0.13404570933477206,0.10298023084127463
6.07,6.28,33.41,0.02,-2.14,1.433,1.1450763688733587,1.1426615206672404,-0.2009236783856534,-0.20260884810380997
3.95,3.82,39.38,0.01,-2.02,0.732,0.7435853018316162,0.7303811095178959,0.015826915070513953,-0.0022115990192678454
8.76,9.15,35.48,0.01,-2.14,1.449,1.6554977745881505,1.7022162919925095,0.14251054146870284,0.17475244443927493
11.14,9.15,47.33,0.1,-1.93,2.122,2.1077538967584815,2.056087630689485,-0.006713526504014339,-0.031061436998357696
5.6,5.22,42.68,0.04,-1.98,0.977,1.055997049535822,1.087234256940377,0.08085675489848719,0.11282933156640433
8.06,8.39,33.52,0.01,-2.16,1.531,1.5225891913461809,1.5453528741966773,-0.005493669924114335,0.009374836183329465
24.02,25.93,35.28,-0.01,-2.21,4.519,4.561826668251152,4.93090375437691,0.00947702329080593,0.09114931497608098
8.49,8.09,43.0,0.04,-2.01,1.372,1.6042266475369058,1.689234169530352,0.1692614049102811,0.23122024018247228
4.52,4.27,39.44,0.01,-2.03,1.053,0.8514483064684154,0.8246075347878749,-0.19140711636427782,-0.21689692802670948
8.55,8.12,41.08,0.02,-2.04,2.046,1.6156195513463676,1.618774038619846,-0.210352125441658,-0.20881034280554933
15.51,15.87,33.14,0.01,-2.2,3.006,2.9393347140628037,2.8595553592963605,-0.0221774071647359,-0.04871744534385871
5.13,5.54,35.4,0.01,-2.11,1.055,0.9669543097725378,1.0244651465784949,-0.08345563054735745,-0.0289429890251233
16.74,18.22,32.74,0.0,-2.22,3.258,3.1736184032534664,3.230222407336908,-0.0258998148393289,-0.00852596459886184
4.05,4.54,31.03,0.04,-2.15,1.137,0.7625034232945498,0.7868591334506747,-0.32937253887902396,-0.3079515097179642
5.58,5.9,28.9,0.04,-2.19,0.761,1.05220722992286,1.046033436763011,0.38266390265816025,0.3745511652601985
5.58,6.16,32.83,0.02,-2.15,0.939,1.05220722992286,1.089175538141593,0.12056148021603838,0.15993135052352836
18.44,18.12,39.25,0.0,-2.13,2.71,3.497562562927838,3.4821951179917114,0.2906134918552908,0.2849428479674212
3.96,4.24,29.87,0.04,-2.16,0.847,0.7454770095975963,0.7543174461595639,-0.11986185407603736,-0.10942450276320674
5.54,6.13,30.97,0.03,-2.17,0.789,1.0446277901230154,1.084203811623653,0.3239895945792337,0.3741493176472154
5.48,5.92,28.82,0.04,-2.19,1.398,1.0332591325792346,1.0463721215084534,-0.2609019080262985,-0.25152208761913203
6.37,7.15,30.31,0.03,-2.19,1.595,1.2019533180159985,1.262360502886068,-0.24642425202758717,-0.20855140884886014
19.02,11.99,55.83,0.05,-1.73,3.825,3.6081188055531817,3.7121695309117695,-0.056700965868449284,-0.029498161853132206
41.73,40.89,38.46,-0.01,-2.2,8.675,7.9466973402138965,8.231168637119733,-0.08395419709349904,-0.05116211675853227
4.34,4.47,37.21,0.01,-2.07,0.678,0.8173786953397832,0.8487710191937426,0.20557329696133214,0.2518746595777914
4.14,4.39,23.7,0.06,-2.23,0.763,0.7795316866914219,0.7532789657340165,0.021666692911431074,-0.012740542943621855
4.64,4.73,35.11,0.02,-2.1,1.109,0.8741650822487992,0.855281306801952,-0.21175375811650207,-0.2287815087448584
52.3,54.18,35.97,-0.01,-2.25,10.945,9.97055334848009,10.27813240556511,-0.08903121530561081,-0.06092897162493289
26.37,17.08,54.56,0.07,-1.8,6.265,5.0104190742658945,4.9542841332840934,-0.20025234249546772,-0.20921242884531624
8.59,9.02,36.03,0.01,-2.13,1.787,1.6232150378355443,1.6714539353966078,-0.09165358822857056,-0.0646592415240023
3.58,2.92,47.13,0.12,-1.84,0.965,0.6736090932803886,0.6631486208653465,-0.3019594888286128,-0.31279935661622116
10.16,9.96,36.01,0.0,-2.14,1.64,1.9214670417157067,1.8738992469856657,0.1716262449486017,0.14262149206443037
17.05,13.73,48.88,0.11,-1.92,2.963,3.232679042420065,3.3096023494251643,0.09101553912253284,0.11697683072060891
9.89,9.89,34.02,0.01,-2.16,1.976,1.8701582016426668,1.7659586132973863,-0.05356366313630223,-0.1062962483312822
26.72,29.28,19.99,0.01,-2.36,4.234,5.077247872810973,4.766114937457772,0.1991610469558273,0.125676650320683
9.3,9.87,31.12,0.02,-2.2,1.464,1.7580629772789034,1.71117172865409,0.20086268939815807,0.16883314798776639
5.21,5.31,37.95,0.01,-2.07,0.693,0.9821078010448994,1.0010654853064371,0.417182974090764,0.44453893983612874
5.39,5.01,41.89,0.03,-1.99,1.016,1.0162072891523868,1.0249154035544177,0.00020402475628619022,0.008775003498442586
7.4,5.85,48.24,0.12,-1.87,1.19,1.3973270272019536,1.3811392376221194,0.1742243926066837,0.1606212080858147
6.3,5.99,41.21,0.02,-2.02,1.836,1.1886808354854375,1.1848047456659518,-0.3525703510427901,-0.35468151107518964
13.06,10.64,47.81,0.1,-1.93,2.293,2.4729506092628064,2.5127221905722905,0.07847824215560674,0.09582302249118638
4.05,3.97,39.52,0.01,-2.02,1.154,0.7625034232945498,0.7669105750859502,-0.3392517995714473,-0.3354327772218802
7.72,8.83,24.1,0.04,-2.26,1.578,1.458053664211173,1.4980245598390949,-0.07601161963803997,-0.05068152101451533
5.69,4.78,46.64,0.1,-1.89,0.743,1.0730520531584282,1.0900129335856672,0.444215414748894,0.46704297925392624
14.8,14.94,33.65,0.01,-2.19,3.633,2.804138693267036,2.756657261943155,-0.228147896155509,-0.24121737904124557
5.75,4.86,47.05,0.11,-1.88,0.953,1.0844227894630338,1.1087263830175342,0.13790429114694006,0.16340648795124268
68.31,49.94,50.73,0.09,-1.99,17.0,13.039735469780204,13.465827462228997,-0.23295673707175268,-0.20789250222182368
6.83,7.12,28.27,0.04,-2.21,1.644,1.289189877752561,1.2196806759013343,-0.21582124224296773,-0.25810177864882333
9.08,10.39,25.79,0.03,-2.26,1.72,1.7162735410197123,1.8070286740330515,-0.0021665459187719025,0.05059806629828575
6.93,5.94,47.03,0.1,-1.9,1.117,1.3081582170452357,1.3428147180028567,0.17113537783816984,0.2021617887223426
7.63,7.52,40.04,0.01,-2.06,1.667,1.4409730314125284,1.5102175909611832,-0.13558906333981502,-0.09405063529623083
8.17,5.98,49.89,0.13,-1.83,1.807,1.5434712094111136,1.422957095443835,-0.14583773690585852,-0.21253066107148028
4.99,4.63,43.28,0.05,-1.96,1.863,0.9404384904258327,0.9727385627046711,-0.4952020985368584,-0.47786443225728875
8.5,8.36,38.77,0.0,-2.08,2.332,1.6061254375829748,1.5935243631881788,-0.311266965015877,-0.31667051321261624
4.73,4.02,46.02,0.09,-1.89,1.197,0.8912045529798387,0.9181736038599703,-0.25546820970773715,-0.2329376743024476
14.04,13.08,43.51,0.04,-2.03,3.066,2.6594570055368565,2.7830330904776286,-0.1325971932365112,-0.09229188177507217
10.25,7.03,53.35,0.1,-1.76,1.942,1.9385714784336672,1.9828907314294502,-0.0017654590969787725,0.021055989407543878
7.25,7.97,24.27,0.04,-2.26,1.616,1.368865801614089,1.3572944671274205,-0.15292957820910333,-0.16009005747065566
5.41,5.78,29.82,0.04,-2.18,0.73,1.0199964682303728,1.0336278711586904,0.3972554359320176,0.41592859062834303
8.69,10.03,25.53,0.04,-2.26,1.947,1.642204508693188,1.7683178621658973,-0.156546220496565,-0.09177305487113652
4.44,4.25,40.79,0.02,-2.0,1.031,0.8363054222688768,0.833072563521912,-0.18884052156268002,-0.19197617505149175
19.04,19.46,31.28,0.01,-2.24,4.494,3.611931386637813,3.5789271698145493,-0.19627695001383771,-0.20362101250232545
7.32,7.87,26.65,0.04,-2.23,1.996,1.3821473522792045,1.3368863555227106,-0.30754140667374524,-0.33021725675214897
7.81,7.62,39.07,0.01,-2.07,1.379,1.4751352703904743,1.4598628107176264,0.06971375662833525,0.0586387314848632
4.71,4.58,39.36,0.01,-2.03,1.049,0.887417865898749,0.8810834717160618,-0.15403444623570153,-0.16007295355952156
10.0,10.0,34.41,0.01,-2.16,1.848,1.891060987077675,1.8539026154492162,0.023301399933806713,0.003194055979013046
5.28,5.67,19.56,0.06,-2.27,1.27,0.9953680395570601,0.990271109732506,-0.21624563814404718,-0.22025896871456224
7.88,6.99,44.39,0.06,-1.97,1.193,1.4884216298850144,1.4906392406894107,0.24762919520956772,0.24948804751836595
5.19,5.17,38.07,0.01,-2.06,0.977,0.9783193209112891,0.9831400897806133,0.0013503796430800082,0.006284636418232663
4.47,4.23,40.31,0.01,-2.01,1.771,0.8419838488333253,0.8454051368818213,-0.5245715139281054,-0.5226396742620998
12.62,11.88,40.84,0.01,-2.07,2.932,2.3892350013730845,2.2825602461564247,-0.18511766665310894,-0.2215005981731157
18.1,13.06,50.93,0.11,-1.87,4.951,3.432761599758342,3.2111378014057053,-0.30665287825523285,-0.35141631965144304
5.65,6.25,32.41,0.02,-2.16,1.461,1.0654718875068756,1.0963801331412018,-0.2707242385305438,-0.24956869737084073
5.97,6.37,31.84,0.03,-2.16,0.71,1.1261204064566814,1.111859373717823,0.5860850795164528,0.565999117912427
4.42,5.05,28.29,0.04,-2.19,0.638,0.8325199086700887,0.8577929535232278,0.30489013898133027,0.3445030619486329
20.21,22.87,24.75,0.02,-2.31,3.68,3.835000786565962,3.8848546908578476,0.04211977895814183,0.05566703555919768
5.44,5.85,32.86,0.02,-2.15,0.796,1.0256803651541813,1.0448173037716637,0.28854317230424775,0.3125845524769644
4.53,4.94,26.68,0.05,-2.21,0.653,0.8533412595885358,0.8249454451930666,0.3068013163683549,0.2633161488408369
5.48,5.66,35.05,0.01,-2.11,0.784,1.0332591325792346,1.0479955817730027,0.3179325670653502,0.3367290583839319
5.34,4.7,44.93,0.07,-1.93,0.853,1.0067346426870056,1.000358600762004,0.18022818603400428,0.1727533420422087
6.07,6.53,31.16,0.03,-2.17,0.798,1.1450763688733587,1.158965608771065,0.4349327930743843,0.4523378556028382
12.67,7.88,56.27,0.04,-1.68,1.729,2.3987474292813626,2.425381537872484,0.3873611505386712,0.4027654932750052
31.4,32.77,36.63,-0.01,-2.21,6.992,5.9712351775983485,5.962332580046183,-0.14599039221991583,-0.14726364701856656
8.32,5.05,56.72,0.03,-1.62,1.326,1.5719488999105302,1.5804343353861694,0.18548182497023388,0.19188109757629662
6.99,4.71,53.85,0.1,-1.7,1.223,1.3195398640877005,1.339426988158695,0.07893692893515979,0.09519786439795176
2.99,2.95,37.36,0.01,-2.04,0.732,0.56210028215613,0.584022803277759,-0.2321034396774181,-0.20215464033093028
8.03,8.3,37.54,0.0,-2.1,1.775,1.5168943364783292,1.5570115848288884,-0.14541164142065957,-0.12281037474428821
5.46,5.73,28.85,0.04,-2.19,0.741,1.029469714942613,1.0106269437576088,0.3892978609212053,0.3638690199158013
4.83,5.04,30.74,0.03,-2.16,0.7,0.9101391558367433,0.8672195406017702,0.30019879405249056,0.23888505800252893
4.48,3.89,45.99,0.09,-1.89,1.411,0.8438766991467122,0.8735478108231083,-0.4019300502149453,-0.380901622379087
6.5,7.1,25.24,0.05,-2.24,0.96,1.2266040998087044,1.217881818544235,0.2777126039674005,0.26862689431691156
6.45,6.48,40.35,0.01,-2.04,1.022,1.2171227420346291,1.2909827714819473,0.19092244817478385,0.2631925356966216
8.04,6.48,47.85,0.11,-1.89,1.161,1.5187926098982458,1.5203030646541291,0.30817623591580173,0.30947723053757886
3.65,3.46,39.96,0.01,-2.0,0.641,0.6868452297299348,0.6577782717091917,0.07152141923546765,0.026175150872373886
13.78,10.61,50.19,0.12,-1.87,3.09,2.609969325299198,2.6367000109012255,-0.15534973291288093,-0.14669902559830886
5.06,5.44,31.4,0.03,-2.16,0.883,0.9536959518311613,0.9874435238292684,0.08006336560720417,0.11828258644311253
6.5,5.64,44.06,0.06,-1.96,0.809,1.2266040998087044,1.164813599282344,0.5161978984038372,0.4398190349596341
4.08,3.43,45.78,0.09,-1.88,0.848,0.7681793075839235,0.7493042264087476,-0.09412817501895811,-0.1163865254613825
8.17,7.99,37.49,0.0,-2.1,1.445,1.5434712094111136,1.5148788388651546,0.06814616568243151,0.04835905803816924
105.82,99.95,42.33,0.06,-2.2,21.306,20.243303268409363,22.760827158801984,-0.049877815244092634,0.06828251003482506
13.35,13.76,38.1,0.0,-2.13,2.148,2.5281343734256048,2.6700882682826053,0.17697130978845652,0.24305785301797259
5.17,5.61,30.58,0.03,-2.17,0.953,0.9745309121378677,1.0139452049419713,0.02259277244267338,0.063950897105951
12.68,8.42,53.75,0.09,-1.76,2.252,2.4006499369053262,2.333927328129194,0.06600796487803129,0.036379808227883816
8.52,6.46,49.78,0.13,-1.84,1.459,1.6099230504199382,1.5740800507245292,0.10344280357775061,0.0788759771929603
7.87,7.87,40.17,0.01,-2.06,1.638,1.4865235430872838,1.5610479121560221,-0.09247646942168258,-0.04697929660804504
13.18,15.11,26.39,0.03,-2.27,2.038,2.495784551363278,2.67040521564831,0.2246244118563682,0.3103067790227234
4.71,5.18,26.01,0.05,-2.22,0.635,0.887417865898749,0.8962418199695453,0.39750845023425047,0.41140444089692174
16.66,17.42,28.11,0.02,-2.26,3.606,3.1583778118646486,3.0635635880609313,-0.12413260902255997,-0.15042607097589256
9.62,7.54,48.99,0.12,-1.87,1.98,1.8188562088147446,1.860448481570065,-0.08138575312386634,-0.06037955476259341
21.26,17.01,47.86,0.1,-1.96,3.119,4.035245158772577,4.139855381586958,0.2937624747587614,0.32730214222089066
7.97,7.42,41.99,0.03,-2.02,1.081,1.5055049391188005,1.5013841492107842,0.3926965209239598,0.3888845043578023
59.63,58.8,40.25,0.0,-2.19,9.984,11.375246535527719,11.816932452962757,0.13934760972833724,0.18358698447142996
11.86,11.12,40.25,0.01,-2.08,2.343,2.2446692144498774,2.1340821127565475,-0.041967898228818835,-0.0891668319434283
9.66,9.19,40.51,0.01,-2.06,1.963,1.8264560646548984,1.7665277770809489,-0.06955880557570131,-0.1000877345486761
13.17,12.08,42.93,0.04,-2.03,3.151,2.4938816839133704,2.5556939830276018,-0.2085427851750649,-0.18892606060691783
9.75,7.12,52.14,0.11,-1.79,2.009,1.8435563017545256,1.8232104403172558,-0.08235126841487025,-0.09247862602426289
19.27,19.28,37.39,0.0,-2.16,3.319,3.6557774709893653,3.6605258894179733,0.10146956040655782,0.10290023784813901
16.98,17.77,29.66,0.01,-2.25,3.592,3.219342306815725,3.141339301622671,-0.10374657382635721,-0.12546233251039224
4.07,3.97,38.7,0.01,-2.03,0.692,0.766287323413269,0.7303124925562501,0.10735162342957956,0.055364873636199616
12.13,9.75,49.52,0.12,-1.88,2.785,2.2960230716292567,2.301315639666276,-0.1755751986968558,-0.173674815200619
9.65,5.54,58.16,-0.01,-1.58,2.025,1.824556086249051,1.8079590843349567,-0.09898464876590066,-0.10718069909384852
10.97,11.83,25.2,0.03,-2.27,2.074,2.0754328801937274,2.0715987140917327,0.0006908776247480999,-0.0011578041987787653
5.75,6.32,21.79,0.05,-2.26,0.667,1.0844227894630338,1.101446431135312,0.6258212735577717,0.6513439747156101
36.99,39.84,29.27,0.0,-2.3,9.881,7.039902813456045,7.750590354541526,-0.28753134161966953,-0.2156066840864765
18.45,20.42,27.27,0.02,-2.28,3.553,3.4994685625549997,3.5842254055194704,-0.01506654586124408,0.00878846200942035
15.12,9.77,54.89,0.07,-1.74,2.144,2.865068275447556,2.711811105871238,0.3363191583244196,0.26483726952949527
9.72,9.82,34.5,0.01,-2.16,1.51,1.8378561366384023,1.7725201162691415,0.21712326929695516,0.17385438163519307
12.8,7.96,56.04,0.05,-1.69,2.765,2.4234805988045154,2.4166488595182356,-0.12351515413941581,-0.12598594592468879
10.25,9.29,41.35,0.02,-2.05,1.29,1.9385714784336672,1.84214698928965,0.5027685879330753,0.4280209219299612
107.73,52.3,59.21,-0.04,-1.78,19.602,20.610487224146187,12.439269003205347,0.05144817998909227,-0.365408172471924
38.68,41.17,29.62,0.0,-2.3,10.609,7.363149789383714,7.689393895526567,-0.3059525130187846,-0.2752008770358595
8.96,10.0,24.75,0.04,-2.26,1.235,1.6934813814932075,1.7688351582838038,0.3712399850147428,0.4322551888937681
11.11,11.65,33.89,0.01,-2.18,2.031,2.102050011707963,2.101896136760879,0.0349827728744277,0.034907009729630185
14.36,11.32,49.19,0.11,-1.9,1.93,2.720371061129712,2.726322960232618,0.4095186845231669,0.41260257006871404
16.92,17.78,34.0,0.0,-2.2,4.032,3.2079110330109586,3.270790194004628,-0.20438714459053606,-0.1887921145821856
4.5,3.56,47.78,0.12,-1.84,0.778,0.8476624616851729,0.8323117403235062,0.08954043918402682,0.06980943486311846
47.95,54.08,24.92,0.0,-2.36,8.86,9.13738328535879,9.742079381177211,0.031307368550653636,0.09955749223219093
5.7,4.91,45.34,0.08,-1.92,1.213,1.0749471353419104,1.0199384804663705,-0.11381110029520991,-0.15916036235253883
7.83,7.93,35.01,0.01,-2.14,1.222,1.478931313934309,1.4625058729389517,0.21025475772038382,0.1968133166439867
11.9,10.39,43.71,0.04,-2.01,2.572,2.25227683581159,2.123859810823492,-0.1243091618150895,-0.1742380206751587
5.64,5.43,40.76,0.02,-2.02,0.77,1.0635768870079427,1.068224440136124,0.3812686844258996,0.387304467709252
6.37,5.07,48.37,0.12,-1.86,1.326,1.2019533180159985,1.191951690203501,-0.09354953392458641,-0.10109223966553474
8.1,8.3,32.15,0.02,-2.18,1.794,1.53018249227623,1.4580963823203446,-0.14705546695862323,-0.18723724508342
6.64,5.67,46.39,0.1,-1.91,1.697,1.253153789587525,1.227616631850285,-0.2615475606437684,-0.27659597416011494
